<?xml version='1.0' encoding='UTF-8'?><profile><name>Devon TypeScript</name><language>ts</language><rules><rule><repositoryKey>typescript</repositoryKey><key>S101</key><priority>MINOR</priority><parameters/></rule><rule><repositoryKey>typescript</repositoryKey><key>S103</key><priority>MAJOR</priority><parameters><parameter><key>maximumLineLength</key><value>180</value></parameter></parameters></rule><rule><repositoryKey>typescript</repositoryKey><key>S104</key><priority>MAJOR</priority><parameters><parameter><key>Max</key><value>1000</value></parameter></parameters></rule><rule><repositoryKey>typescript</repositoryKey><key>S108</key><priority>MAJOR</priority><parameters/></rule><rule><repositoryKey>typescript</repositoryKey><key>S1105</key><priority>MINOR</priority><parameters/></rule><rule><repositoryKey>typescript</repositoryKey><key>S113</key><priority>MINOR</priority><parameters/></rule><rule><repositoryKey>typescript</repositoryKey><key>S1143</key><priority>MAJOR</priority><parameters/></rule><rule><repositoryKey>typescript</repositoryKey><key>S117</key><priority>MINOR</priority><parameters/></rule><rule><repositoryKey>typescript</repositoryKey><key>S121</key><priority>CRITICAL</priority><parameters/></rule><rule><repositoryKey>typescript</repositoryKey><key>S1439</key><priority>MAJOR</priority><parameters/></rule><rule><repositoryKey>typescript</repositoryKey><key>S1440</key><priority>MAJOR</priority><parameters/></rule><rule><repositoryKey>typescript</repositoryKey><key>S1516</key><priority>MINOR</priority><parameters/></rule><rule><repositoryKey>typescript</repositoryKey><key>S1523</key><priority>CRITICAL</priority><parameters/></rule><rule><repositoryKey>typescript</repositoryKey><key>S1525</key><priority>MINOR</priority><parameters/></rule><rule><repositoryKey>typescript</repositoryKey><key>S1526</key><priority>BLOCKER</priority><parameters/></rule><rule><repositoryKey>typescript</repositoryKey><key>S1533</key><priority>MINOR</priority><parameters/></rule><rule><repositoryKey>typescript</repositoryKey><key>S1541</key><priority>CRITICAL</priority><parameters><parameter><key>Threshold</key><value>10</value></parameter></parameters></rule><rule><repositoryKey>typescript</repositoryKey><key>S1656</key><priority>MAJOR</priority><parameters/></rule><rule><repositoryKey>typescript</repositoryKey><key>S1751</key><priority>MAJOR</priority><parameters/></rule><rule><repositoryKey>typescript</repositoryKey><key>S1764</key><priority>MAJOR</priority><parameters/></rule><rule><repositoryKey>typescript</repositoryKey><key>S1854</key><priority>MAJOR</priority><parameters/></rule><rule><repositoryKey>typescript</repositoryKey><key>S1862</key><priority>MAJOR</priority><parameters/></rule><rule><repositoryKey>typescript</repositoryKey><key>S1871</key><priority>MAJOR</priority><parameters/></rule><rule><repositoryKey>typescript</repositoryKey><key>S1874</key><priority>MINOR</priority><parameters/></rule><rule><repositoryKey>typescript</repositoryKey><key>S2123</key><priority>MAJOR</priority><parameters/></rule><rule><repositoryKey>typescript</repositoryKey><key>S2201</key><priority>MAJOR</priority><parameters/></rule><rule><repositoryKey>typescript</repositoryKey><key>S2681</key><priority>MAJOR</priority><parameters/></rule><rule><repositoryKey>typescript</repositoryKey><key>S2685</key><priority>MAJOR</priority><parameters/></rule><rule><repositoryKey>typescript</repositoryKey><key>S2688</key><priority>MAJOR</priority><parameters/></rule><rule><repositoryKey>typescript</repositoryKey><key>S2757</key><priority>MAJOR</priority><parameters/></rule><rule><repositoryKey>typescript</repositoryKey><key>S2814</key><priority>MAJOR</priority><parameters/></rule><rule><repositoryKey>typescript</repositoryKey><key>S2870</key><priority>MAJOR</priority><parameters/></rule><rule><repositoryKey>typescript</repositoryKey><key>S2966</key><priority>MINOR</priority><parameters/></rule><rule><repositoryKey>typescript</repositoryKey><key>S3257</key><priority>MINOR</priority><parameters/></rule><rule><repositoryKey>typescript</repositoryKey><key>S3498</key><priority>MINOR</priority><parameters/></rule><rule><repositoryKey>typescript</repositoryKey><key>S3504</key><priority>CRITICAL</priority><parameters/></rule><rule><repositoryKey>typescript</repositoryKey><key>S3512</key><priority>MINOR</priority><parameters/></rule><rule><repositoryKey>typescript</repositoryKey><key>S3533</key><priority>MINOR</priority><parameters/></rule><rule><repositoryKey>typescript</repositoryKey><key>S3696</key><priority>MAJOR</priority><parameters/></rule><rule><repositoryKey>typescript</repositoryKey><key>S3699</key><priority>MAJOR</priority><parameters/></rule><rule><repositoryKey>typescript</repositoryKey><key>S3786</key><priority>MAJOR</priority><parameters/></rule><rule><repositoryKey>typescript</repositoryKey><key>S3799</key><priority>MAJOR</priority><parameters/></rule><rule><repositoryKey>typescript</repositoryKey><key>S3801</key><priority>MAJOR</priority><parameters/></rule><rule><repositoryKey>typescript</repositoryKey><key>S3854</key><priority>CRITICAL</priority><parameters/></rule><rule><repositoryKey>typescript</repositoryKey><key>S3923</key><priority>MAJOR</priority><parameters/></rule><rule><repositoryKey>typescript</repositoryKey><key>S3972</key><priority>CRITICAL</priority><parameters/></rule><rule><repositoryKey>typescript</repositoryKey><key>S3981</key><priority>MAJOR</priority><parameters/></rule><rule><repositoryKey>typescript</repositoryKey><key>S3984</key><priority>MAJOR</priority><parameters/></rule><rule><repositoryKey>typescript</repositoryKey><key>S4023</key><priority>MINOR</priority><parameters/></rule><rule><repositoryKey>typescript</repositoryKey><key>S4030</key><priority>MAJOR</priority><parameters/></rule><rule><repositoryKey>typescript</repositoryKey><key>S4043</key><priority>MAJOR</priority><parameters/></rule><rule><repositoryKey>typescript</repositoryKey><key>S4123</key><priority>CRITICAL</priority><parameters/></rule><rule><repositoryKey>typescript</repositoryKey><key>S4124</key><priority>MAJOR</priority><parameters/></rule><rule><repositoryKey>typescript</repositoryKey><key>S4125</key><priority>CRITICAL</priority><parameters/></rule><rule><repositoryKey>typescript</repositoryKey><key>S4136</key><priority>MINOR</priority><parameters/></rule><rule><repositoryKey>typescript</repositoryKey><key>S4137</key><priority>MINOR</priority><parameters/></rule><rule><repositoryKey>typescript</repositoryKey><key>S4138</key><priority>MINOR</priority><parameters/></rule><rule><repositoryKey>typescript</repositoryKey><key>S4139</key><priority>MAJOR</priority><parameters/></rule><rule><repositoryKey>typescript</repositoryKey><key>S4140</key><priority>MAJOR</priority><parameters/></rule><rule><repositoryKey>typescript</repositoryKey><key>S4144</key><priority>MAJOR</priority><parameters/></rule><rule><repositoryKey>typescript</repositoryKey><key>S4156</key><priority>MINOR</priority><parameters/></rule><rule><repositoryKey>typescript</repositoryKey><key>S4157</key><priority>MINOR</priority><parameters/></rule><rule><repositoryKey>typescript</repositoryKey><key>S4275</key><priority>CRITICAL</priority><parameters/></rule><rule><repositoryKey>typescript</repositoryKey><key>S905</key><priority>MAJOR</priority><parameters/></rule></rules></profile>