<?xml version='1.0' encoding='UTF-8'?><profile><name>Devon C#</name><language>cs</language><rules><rule><repositoryKey>csharpsquid</repositoryKey><key>S1006</key><priority>CRITICAL</priority><parameters/></rule><rule><repositoryKey>csharpsquid</repositoryKey><key>S101</key><priority>MINOR</priority><parameters/></rule><rule><repositoryKey>csharpsquid</repositoryKey><key>S1066</key><priority>MAJOR</priority><parameters/></rule><rule><repositoryKey>csharpsquid</repositoryKey><key>S107</key><priority>MAJOR</priority><parameters><parameter><key>max</key><value>7</value></parameter></parameters></rule><rule><repositoryKey>csharpsquid</repositoryKey><key>S1075</key><priority>MINOR</priority><parameters/></rule><rule><repositoryKey>csharpsquid</repositoryKey><key>S108</key><priority>MAJOR</priority><parameters/></rule><rule><repositoryKey>csharpsquid</repositoryKey><key>S110</key><priority>MAJOR</priority><parameters><parameter><key>max</key><value>5</value></parameter></parameters></rule><rule><repositoryKey>csharpsquid</repositoryKey><key>S1104</key><priority>MINOR</priority><parameters/></rule><rule><repositoryKey>csharpsquid</repositoryKey><key>S1116</key><priority>MINOR</priority><parameters/></rule><rule><repositoryKey>csharpsquid</repositoryKey><key>S1117</key><priority>MAJOR</priority><parameters/></rule><rule><repositoryKey>csharpsquid</repositoryKey><key>S1118</key><priority>MAJOR</priority><parameters/></rule><rule><repositoryKey>csharpsquid</repositoryKey><key>S112</key><priority>MAJOR</priority><parameters/></rule><rule><repositoryKey>csharpsquid</repositoryKey><key>S1121</key><priority>MAJOR</priority><parameters/></rule><rule><repositoryKey>csharpsquid</repositoryKey><key>S1123</key><priority>MAJOR</priority><parameters/></rule><rule><repositoryKey>csharpsquid</repositoryKey><key>S1125</key><priority>MINOR</priority><parameters/></rule><rule><repositoryKey>csharpsquid</repositoryKey><key>S1134</key><priority>MAJOR</priority><parameters/></rule><rule><repositoryKey>csharpsquid</repositoryKey><key>S1135</key><priority>INFO</priority><parameters/></rule><rule><repositoryKey>csharpsquid</repositoryKey><key>S1144</key><priority>MAJOR</priority><parameters/></rule><rule><repositoryKey>csharpsquid</repositoryKey><key>S1155</key><priority>MINOR</priority><parameters/></rule><rule><repositoryKey>csharpsquid</repositoryKey><key>S1163</key><priority>CRITICAL</priority><parameters/></rule><rule><repositoryKey>csharpsquid</repositoryKey><key>S1168</key><priority>MAJOR</priority><parameters/></rule><rule><repositoryKey>csharpsquid</repositoryKey><key>S1172</key><priority>MAJOR</priority><parameters/></rule><rule><repositoryKey>csharpsquid</repositoryKey><key>S1185</key><priority>MINOR</priority><parameters/></rule><rule><repositoryKey>csharpsquid</repositoryKey><key>S1186</key><priority>CRITICAL</priority><parameters/></rule><rule><repositoryKey>csharpsquid</repositoryKey><key>S1206</key><priority>MINOR</priority><parameters/></rule><rule><repositoryKey>csharpsquid</repositoryKey><key>S1210</key><priority>MINOR</priority><parameters/></rule><rule><repositoryKey>csharpsquid</repositoryKey><key>S1215</key><priority>CRITICAL</priority><parameters/></rule><rule><repositoryKey>csharpsquid</repositoryKey><key>S125</key><priority>MAJOR</priority><parameters/></rule><rule><repositoryKey>csharpsquid</repositoryKey><key>S1450</key><priority>MINOR</priority><parameters/></rule><rule><repositoryKey>csharpsquid</repositoryKey><key>S1479</key><priority>MAJOR</priority><parameters><parameter><key>maximum</key><value>30</value></parameter></parameters></rule><rule><repositoryKey>csharpsquid</repositoryKey><key>S1481</key><priority>MINOR</priority><parameters/></rule><rule><repositoryKey>csharpsquid</repositoryKey><key>S1607</key><priority>MAJOR</priority><parameters/></rule><rule><repositoryKey>csharpsquid</repositoryKey><key>S1643</key><priority>MINOR</priority><parameters/></rule><rule><repositoryKey>csharpsquid</repositoryKey><key>S1656</key><priority>MAJOR</priority><parameters/></rule><rule><repositoryKey>csharpsquid</repositoryKey><key>S1699</key><priority>CRITICAL</priority><parameters/></rule><rule><repositoryKey>csharpsquid</repositoryKey><key>S1751</key><priority>MAJOR</priority><parameters/></rule><rule><repositoryKey>csharpsquid</repositoryKey><key>S1764</key><priority>MAJOR</priority><parameters/></rule><rule><repositoryKey>csharpsquid</repositoryKey><key>S1848</key><priority>MAJOR</priority><parameters/></rule><rule><repositoryKey>csharpsquid</repositoryKey><key>S1854</key><priority>MAJOR</priority><parameters/></rule><rule><repositoryKey>csharpsquid</repositoryKey><key>S1862</key><priority>MAJOR</priority><parameters/></rule><rule><repositoryKey>csharpsquid</repositoryKey><key>S1871</key><priority>MAJOR</priority><parameters/></rule><rule><repositoryKey>csharpsquid</repositoryKey><key>S1905</key><priority>MINOR</priority><parameters/></rule><rule><repositoryKey>csharpsquid</repositoryKey><key>S1939</key><priority>MINOR</priority><parameters/></rule><rule><repositoryKey>csharpsquid</repositoryKey><key>S1940</key><priority>MINOR</priority><parameters/></rule><rule><repositoryKey>csharpsquid</repositoryKey><key>S1944</key><priority>CRITICAL</priority><parameters/></rule><rule><repositoryKey>csharpsquid</repositoryKey><key>S2068</key><priority>BLOCKER</priority><parameters/></rule><rule><repositoryKey>csharpsquid</repositoryKey><key>S2114</key><priority>MAJOR</priority><parameters/></rule><rule><repositoryKey>csharpsquid</repositoryKey><key>S2123</key><priority>MAJOR</priority><parameters/></rule><rule><repositoryKey>csharpsquid</repositoryKey><key>S2178</key><priority>BLOCKER</priority><parameters/></rule><rule><repositoryKey>csharpsquid</repositoryKey><key>S2183</key><priority>MINOR</priority><parameters/></rule><rule><repositoryKey>csharpsquid</repositoryKey><key>S2184</key><priority>MINOR</priority><parameters/></rule><rule><repositoryKey>csharpsquid</repositoryKey><key>S2187</key><priority>BLOCKER</priority><parameters/></rule><rule><repositoryKey>csharpsquid</repositoryKey><key>S2190</key><priority>BLOCKER</priority><parameters/></rule><rule><repositoryKey>csharpsquid</repositoryKey><key>S2201</key><priority>MAJOR</priority><parameters/></rule><rule><repositoryKey>csharpsquid</repositoryKey><key>S2219</key><priority>MINOR</priority><parameters/></rule><rule><repositoryKey>csharpsquid</repositoryKey><key>S2223</key><priority>CRITICAL</priority><parameters/></rule><rule><repositoryKey>csharpsquid</repositoryKey><key>S2225</key><priority>MAJOR</priority><parameters/></rule><rule><repositoryKey>csharpsquid</repositoryKey><key>S2234</key><priority>MAJOR</priority><parameters/></rule><rule><repositoryKey>csharpsquid</repositoryKey><key>S2259</key><priority>MAJOR</priority><parameters/></rule><rule><repositoryKey>csharpsquid</repositoryKey><key>S2275</key><priority>BLOCKER</priority><parameters/></rule><rule><repositoryKey>csharpsquid</repositoryKey><key>S2278</key><priority>BLOCKER</priority><parameters/></rule><rule><repositoryKey>csharpsquid</repositoryKey><key>S2290</key><priority>CRITICAL</priority><parameters/></rule><rule><repositoryKey>csharpsquid</repositoryKey><key>S2291</key><priority>CRITICAL</priority><parameters/></rule><rule><repositoryKey>csharpsquid</repositoryKey><key>S2292</key><priority>MINOR</priority><parameters/></rule><rule><repositoryKey>csharpsquid</repositoryKey><key>S2306</key><priority>BLOCKER</priority><parameters/></rule><rule><repositoryKey>csharpsquid</repositoryKey><key>S2326</key><priority>MAJOR</priority><parameters/></rule><rule><repositoryKey>csharpsquid</repositoryKey><key>S2328</key><priority>MINOR</priority><parameters/></rule><rule><repositoryKey>csharpsquid</repositoryKey><key>S2342</key><priority>MINOR</priority><parameters><parameter><key>format</key><value>^([A-Z]{1,3}[a-z0-9]+)*([A-Z]{2})?$</value></parameter><parameter><key>flagsAttributeFormat</key><value>^([A-Z]{1,3}[a-z0-9]+)*([A-Z]{2})?s$</value></parameter></parameters></rule><rule><repositoryKey>csharpsquid</repositoryKey><key>S2344</key><priority>MINOR</priority><parameters/></rule><rule><repositoryKey>csharpsquid</repositoryKey><key>S2345</key><priority>MINOR</priority><parameters/></rule><rule><repositoryKey>csharpsquid</repositoryKey><key>S2346</key><priority>CRITICAL</priority><parameters/></rule><rule><repositoryKey>csharpsquid</repositoryKey><key>S2365</key><priority>CRITICAL</priority><parameters/></rule><rule><repositoryKey>csharpsquid</repositoryKey><key>S2368</key><priority>BLOCKER</priority><parameters/></rule><rule><repositoryKey>csharpsquid</repositoryKey><key>S2372</key><priority>MAJOR</priority><parameters/></rule><rule><repositoryKey>csharpsquid</repositoryKey><key>S2376</key><priority>MAJOR</priority><parameters/></rule><rule><repositoryKey>csharpsquid</repositoryKey><key>S2386</key><priority>MINOR</priority><parameters/></rule><rule><repositoryKey>csharpsquid</repositoryKey><key>S2436</key><priority>MAJOR</priority><parameters><parameter><key>max</key><value>2</value></parameter></parameters></rule><rule><repositoryKey>csharpsquid</repositoryKey><key>S2437</key><priority>BLOCKER</priority><parameters/></rule><rule><repositoryKey>csharpsquid</repositoryKey><key>S2486</key><priority>MINOR</priority><parameters/></rule><rule><repositoryKey>csharpsquid</repositoryKey><key>S2583</key><priority>MAJOR</priority><parameters/></rule><rule><repositoryKey>csharpsquid</repositoryKey><key>S2589</key><priority>MAJOR</priority><parameters/></rule><rule><repositoryKey>csharpsquid</repositoryKey><key>S2681</key><priority>MAJOR</priority><parameters/></rule><rule><repositoryKey>csharpsquid</repositoryKey><key>S2688</key><priority>MAJOR</priority><parameters/></rule><rule><repositoryKey>csharpsquid</repositoryKey><key>S2692</key><priority>CRITICAL</priority><parameters/></rule><rule><repositoryKey>csharpsquid</repositoryKey><key>S2696</key><priority>CRITICAL</priority><parameters/></rule><rule><repositoryKey>csharpsquid</repositoryKey><key>S2737</key><priority>MINOR</priority><parameters/></rule><rule><repositoryKey>csharpsquid</repositoryKey><key>S2743</key><priority>MAJOR</priority><parameters/></rule><rule><repositoryKey>csharpsquid</repositoryKey><key>S2757</key><priority>MAJOR</priority><parameters/></rule><rule><repositoryKey>csharpsquid</repositoryKey><key>S2758</key><priority>MAJOR</priority><parameters/></rule><rule><repositoryKey>csharpsquid</repositoryKey><key>S2761</key><priority>MAJOR</priority><parameters/></rule><rule><repositoryKey>csharpsquid</repositoryKey><key>S2930</key><priority>BLOCKER</priority><parameters/></rule><rule><repositoryKey>csharpsquid</repositoryKey><key>S2933</key><priority>MAJOR</priority><parameters/></rule><rule><repositoryKey>csharpsquid</repositoryKey><key>S2934</key><priority>MINOR</priority><parameters/></rule><rule><repositoryKey>csharpsquid</repositoryKey><key>S2953</key><priority>BLOCKER</priority><parameters/></rule><rule><repositoryKey>csharpsquid</repositoryKey><key>S2971</key><priority>MAJOR</priority><parameters/></rule><rule><repositoryKey>csharpsquid</repositoryKey><key>S2995</key><priority>MAJOR</priority><parameters/></rule><rule><repositoryKey>csharpsquid</repositoryKey><key>S2996</key><priority>MAJOR</priority><parameters/></rule><rule><repositoryKey>csharpsquid</repositoryKey><key>S2997</key><priority>MAJOR</priority><parameters/></rule><rule><repositoryKey>csharpsquid</repositoryKey><key>S3005</key><priority>MAJOR</priority><parameters/></rule><rule><repositoryKey>csharpsquid</repositoryKey><key>S3010</key><priority>MAJOR</priority><parameters/></rule><rule><repositoryKey>csharpsquid</repositoryKey><key>S3168</key><priority>MAJOR</priority><parameters/></rule><rule><repositoryKey>csharpsquid</repositoryKey><key>S3169</key><priority>MAJOR</priority><parameters/></rule><rule><repositoryKey>csharpsquid</repositoryKey><key>S3172</key><priority>MAJOR</priority><parameters/></rule><rule><repositoryKey>csharpsquid</repositoryKey><key>S3217</key><priority>CRITICAL</priority><parameters/></rule><rule><repositoryKey>csharpsquid</repositoryKey><key>S3218</key><priority>CRITICAL</priority><parameters/></rule><rule><repositoryKey>csharpsquid</repositoryKey><key>S3220</key><priority>MINOR</priority><parameters/></rule><rule><repositoryKey>csharpsquid</repositoryKey><key>S3236</key><priority>MINOR</priority><parameters/></rule><rule><repositoryKey>csharpsquid</repositoryKey><key>S3237</key><priority>BLOCKER</priority><parameters/></rule><rule><repositoryKey>csharpsquid</repositoryKey><key>S3241</key><priority>MINOR</priority><parameters/></rule><rule><repositoryKey>csharpsquid</repositoryKey><key>S3244</key><priority>MAJOR</priority><parameters/></rule><rule><repositoryKey>csharpsquid</repositoryKey><key>S3246</key><priority>MAJOR</priority><parameters/></rule><rule><repositoryKey>csharpsquid</repositoryKey><key>S3247</key><priority>MINOR</priority><parameters/></rule><rule><repositoryKey>csharpsquid</repositoryKey><key>S3249</key><priority>MAJOR</priority><parameters/></rule><rule><repositoryKey>csharpsquid</repositoryKey><key>S3251</key><priority>MINOR</priority><parameters/></rule><rule><repositoryKey>csharpsquid</repositoryKey><key>S3256</key><priority>MINOR</priority><parameters/></rule><rule><repositoryKey>csharpsquid</repositoryKey><key>S3261</key><priority>MINOR</priority><parameters/></rule><rule><repositoryKey>csharpsquid</repositoryKey><key>S3262</key><priority>MAJOR</priority><parameters/></rule><rule><repositoryKey>csharpsquid</repositoryKey><key>S3263</key><priority>MAJOR</priority><parameters/></rule><rule><repositoryKey>csharpsquid</repositoryKey><key>S3264</key><priority>MAJOR</priority><parameters/></rule><rule><repositoryKey>csharpsquid</repositoryKey><key>S3265</key><priority>CRITICAL</priority><parameters/></rule><rule><repositoryKey>csharpsquid</repositoryKey><key>S3346</key><priority>MAJOR</priority><parameters/></rule><rule><repositoryKey>csharpsquid</repositoryKey><key>S3376</key><priority>MINOR</priority><parameters/></rule><rule><repositoryKey>csharpsquid</repositoryKey><key>S3397</key><priority>MINOR</priority><parameters/></rule><rule><repositoryKey>csharpsquid</repositoryKey><key>S3415</key><priority>MAJOR</priority><parameters/></rule><rule><repositoryKey>csharpsquid</repositoryKey><key>S3427</key><priority>BLOCKER</priority><parameters/></rule><rule><repositoryKey>csharpsquid</repositoryKey><key>S3433</key><priority>BLOCKER</priority><parameters/></rule><rule><repositoryKey>csharpsquid</repositoryKey><key>S3440</key><priority>MINOR</priority><parameters/></rule><rule><repositoryKey>csharpsquid</repositoryKey><key>S3442</key><priority>MAJOR</priority><parameters/></rule><rule><repositoryKey>csharpsquid</repositoryKey><key>S3443</key><priority>BLOCKER</priority><parameters/></rule><rule><repositoryKey>csharpsquid</repositoryKey><key>S3444</key><priority>MINOR</priority><parameters/></rule><rule><repositoryKey>csharpsquid</repositoryKey><key>S3445</key><priority>MAJOR</priority><parameters/></rule><rule><repositoryKey>csharpsquid</repositoryKey><key>S3447</key><priority>CRITICAL</priority><parameters/></rule><rule><repositoryKey>csharpsquid</repositoryKey><key>S3449</key><priority>CRITICAL</priority><parameters/></rule><rule><repositoryKey>csharpsquid</repositoryKey><key>S3450</key><priority>MINOR</priority><parameters/></rule><rule><repositoryKey>csharpsquid</repositoryKey><key>S3451</key><priority>CRITICAL</priority><parameters/></rule><rule><repositoryKey>csharpsquid</repositoryKey><key>S3453</key><priority>MAJOR</priority><parameters/></rule><rule><repositoryKey>csharpsquid</repositoryKey><key>S3456</key><priority>MINOR</priority><parameters/></rule><rule><repositoryKey>csharpsquid</repositoryKey><key>S3457</key><priority>MAJOR</priority><parameters/></rule><rule><repositoryKey>csharpsquid</repositoryKey><key>S3458</key><priority>MINOR</priority><parameters/></rule><rule><repositoryKey>csharpsquid</repositoryKey><key>S3459</key><priority>MINOR</priority><parameters/></rule><rule><repositoryKey>csharpsquid</repositoryKey><key>S3466</key><priority>MAJOR</priority><parameters/></rule><rule><repositoryKey>csharpsquid</repositoryKey><key>S3597</key><priority>MAJOR</priority><parameters/></rule><rule><repositoryKey>csharpsquid</repositoryKey><key>S3598</key><priority>MAJOR</priority><parameters/></rule><rule><repositoryKey>csharpsquid</repositoryKey><key>S3600</key><priority>CRITICAL</priority><parameters/></rule><rule><repositoryKey>csharpsquid</repositoryKey><key>S3603</key><priority>MAJOR</priority><parameters/></rule><rule><repositoryKey>csharpsquid</repositoryKey><key>S3604</key><priority>MINOR</priority><parameters/></rule><rule><repositoryKey>csharpsquid</repositoryKey><key>S3610</key><priority>MAJOR</priority><parameters/></rule><rule><repositoryKey>csharpsquid</repositoryKey><key>S3626</key><priority>MINOR</priority><parameters/></rule><rule><repositoryKey>csharpsquid</repositoryKey><key>S3649</key><priority>BLOCKER</priority><parameters/></rule><rule><repositoryKey>csharpsquid</repositoryKey><key>S3655</key><priority>MAJOR</priority><parameters/></rule><rule><repositoryKey>csharpsquid</repositoryKey><key>S3693</key><priority>BLOCKER</priority><parameters/></rule><rule><repositoryKey>csharpsquid</repositoryKey><key>S3776</key><priority>CRITICAL</priority><parameters><parameter><key>threshold</key><value>15</value></parameter><parameter><key>propertyThreshold</key><value>3</value></parameter></parameters></rule><rule><repositoryKey>csharpsquid</repositoryKey><key>S3869</key><priority>BLOCKER</priority><parameters/></rule><rule><repositoryKey>csharpsquid</repositoryKey><key>S3871</key><priority>CRITICAL</priority><parameters/></rule><rule><repositoryKey>csharpsquid</repositoryKey><key>S3875</key><priority>BLOCKER</priority><parameters/></rule><rule><repositoryKey>csharpsquid</repositoryKey><key>S3877</key><priority>BLOCKER</priority><parameters/></rule><rule><repositoryKey>csharpsquid</repositoryKey><key>S3881</key><priority>MAJOR</priority><parameters/></rule><rule><repositoryKey>csharpsquid</repositoryKey><key>S3884</key><priority>BLOCKER</priority><parameters/></rule><rule><repositoryKey>csharpsquid</repositoryKey><key>S3885</key><priority>MAJOR</priority><parameters/></rule><rule><repositoryKey>csharpsquid</repositoryKey><key>S3887</key><priority>MINOR</priority><parameters/></rule><rule><repositoryKey>csharpsquid</repositoryKey><key>S3889</key><priority>BLOCKER</priority><parameters/></rule><rule><repositoryKey>csharpsquid</repositoryKey><key>S3897</key><priority>MINOR</priority><parameters/></rule><rule><repositoryKey>csharpsquid</repositoryKey><key>S3903</key><priority>MAJOR</priority><parameters/></rule><rule><repositoryKey>csharpsquid</repositoryKey><key>S3904</key><priority>CRITICAL</priority><parameters/></rule><rule><repositoryKey>csharpsquid</repositoryKey><key>S3925</key><priority>MAJOR</priority><parameters/></rule><rule><repositoryKey>csharpsquid</repositoryKey><key>S3926</key><priority>MAJOR</priority><parameters/></rule><rule><repositoryKey>csharpsquid</repositoryKey><key>S3927</key><priority>MAJOR</priority><parameters/></rule><rule><repositoryKey>csharpsquid</repositoryKey><key>S3928</key><priority>MAJOR</priority><parameters/></rule><rule><repositoryKey>csharpsquid</repositoryKey><key>S3966</key><priority>CRITICAL</priority><parameters/></rule><rule><repositoryKey>csharpsquid</repositoryKey><key>S3971</key><priority>MAJOR</priority><parameters/></rule><rule><repositoryKey>csharpsquid</repositoryKey><key>S3972</key><priority>CRITICAL</priority><parameters/></rule><rule><repositoryKey>csharpsquid</repositoryKey><key>S3981</key><priority>MAJOR</priority><parameters/></rule><rule><repositoryKey>csharpsquid</repositoryKey><key>S3984</key><priority>MAJOR</priority><parameters/></rule><rule><repositoryKey>csharpsquid</repositoryKey><key>S3998</key><priority>CRITICAL</priority><parameters/></rule><rule><repositoryKey>csharpsquid</repositoryKey><key>S4015</key><priority>CRITICAL</priority><parameters/></rule><rule><repositoryKey>csharpsquid</repositoryKey><key>S4016</key><priority>MAJOR</priority><parameters/></rule><rule><repositoryKey>csharpsquid</repositoryKey><key>S4019</key><priority>CRITICAL</priority><parameters/></rule><rule><repositoryKey>csharpsquid</repositoryKey><key>S4035</key><priority>MAJOR</priority><parameters/></rule><rule><repositoryKey>csharpsquid</repositoryKey><key>S4144</key><priority>MAJOR</priority><parameters/></rule><rule><repositoryKey>csharpsquid</repositoryKey><key>S4158</key><priority>MINOR</priority><parameters/></rule><rule><repositoryKey>csharpsquid</repositoryKey><key>S4214</key><priority>MAJOR</priority><parameters/></rule><rule><repositoryKey>csharpsquid</repositoryKey><key>S4220</key><priority>MAJOR</priority><parameters/></rule><rule><repositoryKey>csharpsquid</repositoryKey><key>S4260</key><priority>MAJOR</priority><parameters/></rule><rule><repositoryKey>csharpsquid</repositoryKey><key>S818</key><priority>MINOR</priority><parameters/></rule><rule><repositoryKey>csharpsquid</repositoryKey><key>S907</key><priority>MAJOR</priority><parameters/></rule><rule><repositoryKey>csharpsquid</repositoryKey><key>S927</key><priority>CRITICAL</priority><parameters/></rule></rules></profile>