<?xml version='1.0' encoding='UTF-8'?><profile><name>Devon CSS</name><language>css</language><rules><rule><repositoryKey>css</repositoryKey><key>S1131</key><priority>MINOR</priority><parameters/></rule><rule><repositoryKey>css</repositoryKey><key>S1134</key><priority>INFO</priority><parameters/></rule><rule><repositoryKey>css</repositoryKey><key>S1135</key><priority>INFO</priority><parameters/></rule><rule><repositoryKey>css</repositoryKey><key>S2260</key><priority>CRITICAL</priority><parameters/></rule><rule><repositoryKey>css</repositoryKey><key>S2732</key><priority>CRITICAL</priority><parameters/></rule><rule><repositoryKey>css</repositoryKey><key>S2735</key><priority>CRITICAL</priority><parameters/></rule><rule><repositoryKey>css</repositoryKey><key>bom-utf8-files</key><priority>MAJOR</priority><parameters/></rule><rule><repositoryKey>css</repositoryKey><key>box-model</key><priority>MAJOR</priority><parameters/></rule><rule><repositoryKey>css</repositoryKey><key>case</key><priority>MINOR</priority><parameters/></rule><rule><repositoryKey>css</repositoryKey><key>case-insensitive-flag</key><priority>MAJOR</priority><parameters/></rule><rule><repositoryKey>css</repositoryKey><key>charset-first</key><priority>CRITICAL</priority><parameters/></rule><rule><repositoryKey>css</repositoryKey><key>class-selector-naming-convention</key><priority>MINOR</priority><parameters><parameter><key>Format</key><value>^[a-z][-a-z0-9]*$</value></parameter></parameters></rule><rule><repositoryKey>css</repositoryKey><key>css-variable-naming-convention</key><priority>MINOR</priority><parameters><parameter><key>Format</key><value>^[a-z][-a-z0-9]*$</value></parameter></parameters></rule><rule><repositoryKey>css</repositoryKey><key>deprecated-system-colors</key><priority>MAJOR</priority><parameters/></rule><rule><repositoryKey>css</repositoryKey><key>display-property-grouping</key><priority>MAJOR</priority><parameters/></rule><rule><repositoryKey>css</repositoryKey><key>duplicate-background-images</key><priority>MAJOR</priority><parameters/></rule><rule><repositoryKey>css</repositoryKey><key>duplicate-properties</key><priority>MAJOR</priority><parameters/></rule><rule><repositoryKey>css</repositoryKey><key>embedded-css</key><priority>MAJOR</priority><parameters/></rule><rule><repositoryKey>css</repositoryKey><key>empty-declaration</key><priority>MAJOR</priority><parameters/></rule><rule><repositoryKey>css</repositoryKey><key>empty-line-end-of-file</key><priority>MINOR</priority><parameters/></rule><rule><repositoryKey>css</repositoryKey><key>empty-rules</key><priority>MAJOR</priority><parameters/></rule><rule><repositoryKey>css</repositoryKey><key>empty-stylesheet</key><priority>MAJOR</priority><parameters/></rule><rule><repositoryKey>css</repositoryKey><key>experimental-atrule-usage</key><priority>MAJOR</priority><parameters/></rule><rule><repositoryKey>css</repositoryKey><key>experimental-function-usage</key><priority>MAJOR</priority><parameters/></rule><rule><repositoryKey>css</repositoryKey><key>experimental-identifier-usage</key><priority>MAJOR</priority><parameters/></rule><rule><repositoryKey>css</repositoryKey><key>experimental-property-usage</key><priority>MAJOR</priority><parameters/></rule><rule><repositoryKey>css</repositoryKey><key>experimental-pseudo-usage</key><priority>MAJOR</priority><parameters/></rule><rule><repositoryKey>css</repositoryKey><key>experimental-selector-combinator-usage</key><priority>MAJOR</priority><parameters/></rule><rule><repositoryKey>css</repositoryKey><key>file-too-many-lines</key><priority>MAJOR</priority><parameters><parameter><key>Max</key><value>1000</value></parameter></parameters></rule><rule><repositoryKey>css</repositoryKey><key>font-faces</key><priority>MAJOR</priority><parameters><parameter><key>fontFaceThreshold</key><value>2</value></parameter></parameters></rule><rule><repositoryKey>css</repositoryKey><key>font-family-not-ending-with-generic-font-family</key><priority>CRITICAL</priority><parameters/></rule><rule><repositoryKey>css</repositoryKey><key>formatting</key><priority>MINOR</priority><parameters/></rule><rule><repositoryKey>css</repositoryKey><key>gradients</key><priority>MAJOR</priority><parameters/></rule><rule><repositoryKey>css</repositoryKey><key>id-selector-naming-convention</key><priority>MINOR</priority><parameters><parameter><key>Format</key><value>^[a-z][-a-z0-9]*$</value></parameter></parameters></rule><rule><repositoryKey>css</repositoryKey><key>ids</key><priority>MAJOR</priority><parameters/></rule><rule><repositoryKey>css</repositoryKey><key>import</key><priority>MAJOR</priority><parameters/></rule><rule><repositoryKey>css</repositoryKey><key>import-first</key><priority>CRITICAL</priority><parameters/></rule><rule><repositoryKey>css</repositoryKey><key>important</key><priority>MAJOR</priority><parameters/></rule><rule><repositoryKey>css</repositoryKey><key>important-position</key><priority>CRITICAL</priority><parameters/></rule><rule><repositoryKey>css</repositoryKey><key>known-properties</key><priority>CRITICAL</priority><parameters/></rule><rule><repositoryKey>css</repositoryKey><key>leading-zeros</key><priority>MINOR</priority><parameters/></rule><rule><repositoryKey>css</repositoryKey><key>line-length</key><priority>MINOR</priority><parameters><parameter><key>maximumLineLength</key><value>120</value></parameter></parameters></rule><rule><repositoryKey>css</repositoryKey><key>nosonar</key><priority>INFO</priority><parameters/></rule><rule><repositoryKey>css</repositoryKey><key>obsolete-functions</key><priority>MAJOR</priority><parameters/></rule><rule><repositoryKey>css</repositoryKey><key>obsolete-properties</key><priority>MAJOR</priority><parameters/></rule><rule><repositoryKey>css</repositoryKey><key>obsolete-pseudos</key><priority>MAJOR</priority><parameters/></rule><rule><repositoryKey>css</repositoryKey><key>one-declaration-per-line</key><priority>MINOR</priority><parameters/></rule><rule><repositoryKey>css</repositoryKey><key>overqualified-elements</key><priority>MAJOR</priority><parameters/></rule><rule><repositoryKey>css</repositoryKey><key>overspecific-selectors</key><priority>MAJOR</priority><parameters><parameter><key>deepnessThreshold</key><value>3</value></parameter></parameters></rule><rule><repositoryKey>css</repositoryKey><key>protocol-relative-url</key><priority>MINOR</priority><parameters/></rule><rule><repositoryKey>css</repositoryKey><key>quoted-generic-font-family-names</key><priority>CRITICAL</priority><parameters/></rule><rule><repositoryKey>css</repositoryKey><key>quoted-url</key><priority>MINOR</priority><parameters/></rule><rule><repositoryKey>css</repositoryKey><key>regex-selectors</key><priority>MAJOR</priority><parameters/></rule><rule><repositoryKey>css</repositoryKey><key>semicolon-declaration</key><priority>MAJOR</priority><parameters/></rule><rule><repositoryKey>css</repositoryKey><key>sheet-too-many-rules</key><priority>MAJOR</priority><parameters><parameter><key>Max</key><value>500</value></parameter></parameters></rule><rule><repositoryKey>css</repositoryKey><key>single-quotes</key><priority>MINOR</priority><parameters/></rule><rule><repositoryKey>css</repositoryKey><key>star-property-hack</key><priority>MAJOR</priority><parameters/></rule><rule><repositoryKey>css</repositoryKey><key>stylelint-disable</key><priority>INFO</priority><parameters/></rule><rule><repositoryKey>css</repositoryKey><key>stylelint-enable</key><priority>INFO</priority><parameters/></rule><rule><repositoryKey>css</repositoryKey><key>tab-character</key><priority>MINOR</priority><parameters/></rule><rule><repositoryKey>css</repositoryKey><key>trailing-zeros</key><priority>MINOR</priority><parameters/></rule><rule><repositoryKey>css</repositoryKey><key>underscore-property-hack</key><priority>MAJOR</priority><parameters/></rule><rule><repositoryKey>css</repositoryKey><key>universal-selector</key><priority>MAJOR</priority><parameters/></rule><rule><repositoryKey>css</repositoryKey><key>unknown-at-rules</key><priority>CRITICAL</priority><parameters/></rule><rule><repositoryKey>css</repositoryKey><key>unknown-functions</key><priority>CRITICAL</priority><parameters/></rule><rule><repositoryKey>css</repositoryKey><key>unknown-pseudo</key><priority>CRITICAL</priority><parameters/></rule><rule><repositoryKey>css</repositoryKey><key>unknown-type-selector</key><priority>CRITICAL</priority><parameters/></rule><rule><repositoryKey>css</repositoryKey><key>unquoted-font-family-names</key><priority>MAJOR</priority><parameters/></rule><rule><repositoryKey>css</repositoryKey><key>validate-property-value</key><priority>CRITICAL</priority><parameters/></rule><rule><repositoryKey>css</repositoryKey><key>vendor-prefix</key><priority>MAJOR</priority><parameters/></rule><rule><repositoryKey>css</repositoryKey><key>zero-units</key><priority>MAJOR</priority><parameters/></rule></rules></profile>