<?xml version="1.0" encoding="UTF-8"?>
<!-- https://www.eclipse.org/m2e/documentation/m2e-execution-not-covered.html#common-problems -->
<lifecycleMappingMetadata>
  <pluginExecutions>
    <pluginExecution>
      <pluginExecutionFilter>
        <groupId>org.codehaus.mojo</groupId>
        <artifactId>buildnumber-maven-plugin</artifactId>
        <goals>
          <goal>create-timestamp</goal>
        </goals>
        <versionRange>[0.0,)</versionRange>
      </pluginExecutionFilter>
      <action>
        <ignore />
      </action>
    </pluginExecution>

    <pluginExecution>
      <pluginExecutionFilter>
        <groupId>org.apache.maven.plugins</groupId>
        <artifactId>maven-dependency-plugin</artifactId>
        <goals>
          <goal>list</goal>
        </goals>
        <versionRange>[0.0,)</versionRange>
      </pluginExecutionFilter>
      <action>
        <ignore />
      </action>
    </pluginExecution>

    <pluginExecution>
      <pluginExecutionFilter>
        <groupId>org.zeroturnaround</groupId>
        <artifactId>jrebel-maven-plugin</artifactId>
        <goals>
          <goal>generate</goal>
        </goals>
        <versionRange>[0.0,)</versionRange>
      </pluginExecutionFilter>
      <action>
        <ignore />
      </action>
    </pluginExecution>

    <pluginExecution>
      <pluginExecutionFilter>
        <groupId>org.codehaus.mojo</groupId>
        <artifactId>gwt-maven-plugin</artifactId>
        <goals>
          <goal>compile</goal>
        </goals>
        <versionRange>[0.0,)</versionRange>
      </pluginExecutionFilter>
      <action>
        <ignore />
      </action>
    </pluginExecution>

    <pluginExecution>
      <pluginExecutionFilter>
        <groupId>org.apache.maven.plugins</groupId>
        <artifactId>maven-dependency-plugin</artifactId>
        <goals>
          <goal>copy-dependencies</goal>
          <goal>unpack</goal>
        </goals>
        <versionRange>[0.0,)</versionRange>
      </pluginExecutionFilter>
      <action>
        <ignore />
      </action>
    </pluginExecution>

    <pluginExecution>
      <pluginExecutionFilter>
        <groupId>org.codehaus.mojo</groupId>
        <artifactId>exec-maven-plugin</artifactId>
        <goals>
          <goal>exec</goal>
        </goals>
        <versionRange>[0.0,)</versionRange>
      </pluginExecutionFilter>
      <action>
        <ignore/>
      </action>
    </pluginExecution>

    <pluginExecution>
      <pluginExecutionFilter>
        <groupId>org.codehaus.mojo</groupId>
        <artifactId>flatten-maven-plugin</artifactId>
        <versionRange>[0.0,)</versionRange>
        <goals>
          <goal>flatten</goal>
          <goal>clean</goal>
        </goals>
      </pluginExecutionFilter>
      <action>
        <ignore/>
      </action>
    </pluginExecution>

    <pluginExecution>
      <pluginExecutionFilter>
        <groupId>org.codehaus.cargo</groupId>
        <artifactId>cargo-maven2-plugin</artifactId>
        <versionRange>[0.0,)</versionRange>
        <goals>
          <goal>start</goal>
          <goal>stop</goal>
        </goals>
      </pluginExecutionFilter>
      <action>
        <ignore/>
      </action>
    </pluginExecution>

    <pluginExecution>
      <pluginExecutionFilter>
        <groupId>org.apache.maven.plugins</groupId>
        <artifactId>maven-jar-plugin</artifactId>
        <versionRange>[0.0,)</versionRange>
        <goals>
          <goal>jar</goal>
        </goals>
      </pluginExecutionFilter>
      <action>
        <ignore/>
      </action>
    </pluginExecution>

    <pluginExecution>
      <pluginExecutionFilter>
        <groupId>org.apache.maven.plugins</groupId>
        <artifactId>maven-antrun-plugin</artifactId>
        <versionRange>[0.0,)</versionRange>
        <goals>
          <goal>run</goal>
        </goals>
      </pluginExecutionFilter>
      <action>
        <ignore/>
      </action>
    </pluginExecution>

  </pluginExecutions>
</lifecycleMappingMetadata>